mean_intensity,std_intensity,max_intensity,min_intensity,contrast,entropy,homogeneity,cardiac_area,symmetry_score
-0.0034814852,0.016608765,0.07495771,-0.07723679,0.1521945,3.0098690325046698,0.98427355,0.9166717529296875,0.999461
-0.003477588,0.01655361,0.062354267,-0.081323296,0.14367756,3.001975427093605,0.984309,0.903411865234375,0.9994653
-0.0034787704,0.016484743,0.08389574,-0.077353366,0.1612491,2.9998144951139594,0.98437566,0.91485595703125,0.99946636
-0.0034871104,0.01654526,0.07289201,-0.08352778,0.15641978,3.008086470121789,0.9843194,0.9133529663085938,0.9994702
-0.0035249814,0.01664805,0.07089141,-0.07775004,0.14864145,3.015599643734719,0.98423684,0.905059814453125,0.99946564
